{"cameraMode":{"drawMode":0,"name":"Shaded","section":"Shading Mode"},"sceneLighting":false,"audioPlay":false,"sceneViewState":{"m_AlwaysRefresh":false,"showFog":true,"showSkybox":true,"showFlares":true,"showImageEffects":true,"showParticleSystems":true,"showVisualEffectGraphs":true,"m_FxEnabled":true},"in2DMode":false,"pivot":{"x":-14.294129371643067,"y":-3.388617992401123,"z":23.296350479125978},"rotation":{"x":0.1922583431005478,"y":0.0191348847001791,"z":-0.003749506315216422,"w":0.9811518788337708},"size":0.9930537343025208,"orthographic":false}