{"cameraMode":{"drawMode":0,"name":"Shaded","section":"Shading Mode"},"sceneLighting":false,"audioPlay":false,"sceneViewState":{"m_AlwaysRefresh":false,"showFog":true,"showSkybox":true,"showFlares":true,"showImageEffects":true,"showParticleSystems":true,"showVisualEffectGraphs":true,"m_FxEnabled":true},"in2DMode":false,"pivot":{"x":7.749310493469238,"y":3.2433643341064455,"z":5.330453872680664},"rotation":{"x":0.23876874148845673,"y":0.19078704714775086,"z":-0.04790361970663071,"w":0.9509460926055908},"size":16.82950210571289,"orthographic":false}